generacion,mejor_fitness,fitness_promedio,f1_macro,cobertura,reglas_activas,tiempo_seg
0,0.489173902367695,0.4389096871951633,0.5559627176681358,1.0,26,1.2205777168273926
1,0.4915616537428289,0.4671613749077727,0.5598205686776255,0.9984362783424551,26,2.239114761352539
2,0.5012333427292467,0.4811729762601778,0.56264825624064,0.9984362783424551,24,3.197653293609619
3,0.5031823202746667,0.4823148894844159,0.5654325098769543,0.9984362783424551,24,4.16867995262146
4,0.5175390443291007,0.49138288208853,0.5769636039539784,0.9913995308835027,22,5.1299872398376465
5,0.5175390443291007,0.4970762980263715,0.5769636039539784,0.9913995308835027,22,6.019679307937622
6,0.5187317100817276,0.5020332752350808,0.5786674121720167,0.9913995308835027,22,6.919589042663574
7,0.5216854016865051,0.5011080496963131,0.5785094101540112,0.9874902267396404,21,7.859932899475098
8,0.5244423980304275,0.5071105804149589,0.5868255378130166,0.9913995308835027,22,8.801318645477295
9,0.5282636182302204,0.5149572861700142,0.5867899183182154,0.9913995308835027,21,9.785825967788696
10,0.5288618101579947,0.5190062269608238,0.5876444782150357,0.9913995308835027,21,10.776379823684692
11,0.5311399854954207,0.5235590160361151,0.5920159584524622,0.9874902267396404,21,11.789684295654297
12,0.5359771655077858,0.5249253147371992,0.5815491438965843,0.9906176700547302,18,12.79037594795227
13,0.5375067228680908,0.5259543015265389,0.5890053425261619,0.9913995308835027,19,13.639288425445557
14,0.5408831213669874,0.529030589963766,0.5883342634586514,0.9913995308835027,18,14.443842887878418
15,0.5408831213669874,0.5299587135482632,0.5883342634586514,0.9913995308835027,18,15.434544086456299
16,0.5425235722079597,0.5325828396888133,0.5906777646600405,0.9913995308835027,18,16.370654344558716
17,0.5447292752131412,0.5348257208287754,0.5883342634586514,0.9913995308835027,17,17.293190956115723
18,0.5467118307759843,0.5373436314968424,0.5909430968830637,0.9921813917122753,17,18.122923612594604
19,0.5467118307759843,0.5379650059251101,0.5909430968830637,0.9921813917122753,17,18.87855625152588
20,0.5538042431895764,0.540988055227551,0.606122842494831,0.9937451133698202,18,19.842198848724365
21,0.5540019493626577,0.5434463914168931,0.6009107743904415,0.9937451133698202,17,20.768311500549316
22,0.558423023623318,0.5440161493074099,0.6076733723792547,0.9921813917122753,17,21.711511850357056
23,0.5613616170228026,0.5490241062784473,0.6063768574554416,0.9921813917122753,16,22.655688285827637
24,0.5613616170228026,0.5466313899844301,0.6063768574554416,0.9921813917122753,16,23.672074794769287
25,0.5613616170228026,0.5467043871972253,0.6063768574554416,0.9921813917122753,16,24.49905276298523
26,0.5616405131747957,0.552776710888542,0.6067752805297174,0.9921813917122753,16,25.30044436454773
27,0.5619113674664569,0.554796703144511,0.6071622152320905,0.9921813917122753,16,26.19734239578247
28,0.5619113674664569,0.555392676731704,0.6071622152320905,0.9921813917122753,16,27.256978034973145
29,0.5619113674664569,0.5572717913343053,0.6071622152320905,0.9921813917122753,16,28.077553272247314
30,0.5619113674664569,0.5549898081932808,0.6071622152320905,0.9921813917122753,16,28.97064185142517
