id_regla,origen,antecedentes,consecuente,precision,confianza,soporte_cobertura,lift,num_condiciones,regla_texto,regla_difusa_texto,peso,activa
1,PRISM,"{'alcohol': 'Alto', 'volatile acidity': 'Bajo', 'total sulfur dioxide': 'Bajo', 'sulphates': 'Alto'}",Alta,0.717,0.717,0.0414,1.5,4,SI alcohol = Alto Y volatile acidity = Bajo Y total sulfur dioxide = Bajo Y sulphates = Alto ENTONCES calidad = Alta,SI alcohol ES alto Y volatile acidity ES bajo Y total sulfur dioxide ES bajo Y sulphates ES alto ENTONCES calidad ES alta,1.0,True
2,PRISM,"{'alcohol': 'Alto', 'volatile acidity': 'Bajo', 'total sulfur dioxide': 'Medio', 'residual sugar': 'Alto'}",Alta,0.6522,0.6522,0.018,1.5,4,SI alcohol = Alto Y volatile acidity = Bajo Y total sulfur dioxide = Medio Y residual sugar = Alto ENTONCES calidad = Alta,SI alcohol ES alto Y volatile acidity ES bajo Y total sulfur dioxide ES medio Y residual sugar ES alto ENTONCES calidad ES alta,1.0,True
3,PRISM,{'alcohol': 'Bajo'},Baja,0.7123,0.7123,0.3425,1.5,1,SI alcohol = Bajo ENTONCES calidad = Baja,SI alcohol ES bajo ENTONCES calidad ES baja,1.0,True
4,PRISM,"{'volatile acidity': 'Alto', 'alcohol': 'Medio'}",Baja,0.6507,0.6507,0.1142,1.5,2,SI volatile acidity = Alto Y alcohol = Medio ENTONCES calidad = Baja,SI volatile acidity ES alto Y alcohol ES medio ENTONCES calidad ES baja,1.0,True
5,PRISM,"{'sulphates': 'Bajo', 'residual sugar': 'Alto', 'total sulfur dioxide': 'Bajo'}",Baja,0.8261,0.8261,0.036,1.5,3,SI sulphates = Bajo Y residual sugar = Alto Y total sulfur dioxide = Bajo ENTONCES calidad = Baja,SI sulphates ES bajo Y residual sugar ES alto Y total sulfur dioxide ES bajo ENTONCES calidad ES baja,1.0,True
6,PRISM,"{'alcohol': 'Alto', 'free sulfur dioxide': 'Alto'}",Media,0.6179,0.6179,0.0962,1.5,2,SI alcohol = Alto Y free sulfur dioxide = Alto ENTONCES calidad = Media,SI alcohol ES alto Y free sulfur dioxide ES alto ENTONCES calidad ES media,1.0,True
7,PRISM,"{'sulphates': 'Medio', 'density': 'Bajo', 'free sulfur dioxide': 'Medio'}",Media,0.75,0.75,0.0407,1.5,3,SI sulphates = Medio Y density = Bajo Y free sulfur dioxide = Medio ENTONCES calidad = Media,SI sulphates ES medio Y density ES bajo Y free sulfur dioxide ES medio ENTONCES calidad ES media,1.0,True
8,PRISM,"{'alcohol': 'Medio', 'volatile acidity': 'Medio', 'pH': 'Bajo'}",Media,0.625,0.625,0.0375,1.5,3,SI alcohol = Medio Y volatile acidity = Medio Y pH = Bajo ENTONCES calidad = Media,SI alcohol ES medio Y volatile acidity ES medio Y pH ES bajo ENTONCES calidad ES media,1.0,True
9,PRISM,"{'alcohol': 'Medio', 'volatile acidity': 'Bajo', 'citric acid': 'Bajo'}",Media,0.7143,0.7143,0.0055,1.5,3,SI alcohol = Medio Y volatile acidity = Bajo Y citric acid = Bajo ENTONCES calidad = Media,SI alcohol ES medio Y volatile acidity ES bajo Y citric acid ES bajo ENTONCES calidad ES media,1.0,True
10,PRISM,"{'alcohol': 'Medio', 'volatile acidity': 'Bajo', 'chlorides': 'Medio'}",Media,0.6452,0.6452,0.0242,1.5,3,SI alcohol = Medio Y volatile acidity = Bajo Y chlorides = Medio ENTONCES calidad = Media,SI alcohol ES medio Y volatile acidity ES bajo Y chlorides ES medio ENTONCES calidad ES media,1.0,True
11,PRISM,"{'pH': 'Medio', 'total sulfur dioxide': 'Medio', 'citric acid': 'Bajo'}",Media,0.6667,0.6667,0.0375,1.5,3,SI pH = Medio Y total sulfur dioxide = Medio Y citric acid = Bajo ENTONCES calidad = Media,SI pH ES medio Y total sulfur dioxide ES medio Y citric acid ES bajo ENTONCES calidad ES media,1.0,True
12,PRISM,"{'total sulfur dioxide': 'Bajo', 'sulphates': 'Medio', 'density': 'Alto'}",Media,0.6757,0.6757,0.0289,1.5,3,SI total sulfur dioxide = Bajo Y sulphates = Medio Y density = Alto ENTONCES calidad = Media,SI total sulfur dioxide ES bajo Y sulphates ES medio Y density ES alto ENTONCES calidad ES media,1.0,True
13,PRISM,"{'sulphates': 'Alto', 'volatile acidity': 'Medio', 'chlorides': 'Medio'}",Media,0.8182,0.8182,0.0172,1.5,3,SI sulphates = Alto Y volatile acidity = Medio Y chlorides = Medio ENTONCES calidad = Media,SI sulphates ES alto Y volatile acidity ES medio Y chlorides ES medio ENTONCES calidad ES media,1.0,True
14,PRISM,"{'volatile acidity': 'Bajo', 'density': 'Medio', 'residual sugar': 'Bajo', 'alcohol': 'Alto'}",Media,0.8889,0.8889,0.007,1.5,4,SI volatile acidity = Bajo Y density = Medio Y residual sugar = Bajo Y alcohol = Alto ENTONCES calidad = Media,SI volatile acidity ES bajo Y density ES medio Y residual sugar ES bajo Y alcohol ES alto ENTONCES calidad ES media,1.0,True
15,PRISM,"{'alcohol': 'Medio', 'volatile acidity': 'Bajo', 'pH': 'Medio', 'residual sugar': 'Alto'}",Media,0.8333,0.8333,0.0094,1.5,4,SI alcohol = Medio Y volatile acidity = Bajo Y pH = Medio Y residual sugar = Alto ENTONCES calidad = Media,SI alcohol ES medio Y volatile acidity ES bajo Y pH ES medio Y residual sugar ES alto ENTONCES calidad ES media,1.0,True
16,PRISM,"{'total sulfur dioxide': 'Bajo', 'sulphates': 'Alto', 'fixed acidity': 'Bajo'}",Media,0.6522,0.6522,0.018,1.5,3,SI total sulfur dioxide = Bajo Y sulphates = Alto Y fixed acidity = Bajo ENTONCES calidad = Media,SI total sulfur dioxide ES bajo Y sulphates ES alto Y fixed acidity ES bajo ENTONCES calidad ES media,1.0,True
17,Apriori,"{'free sulfur dioxide': 'Alto', 'pH': 'Bajo', 'volatile acidity': 'Alto'}",Baja,0.9474,0.9474,0.0281,2.0364,3,SI free sulfur dioxide=Alto Y pH=Bajo Y volatile acidity=Alto ENTONCES calidad_categoria=Baja,SI free sulfur dioxide ES alto Y pH ES bajo Y volatile acidity ES alto ENTONCES calidad ES baja,1.0,True
18,Apriori,"{'fixed acidity': 'Alto', 'sulphates': 'Bajo', 'total sulfur dioxide': 'Alto'}",Baja,0.9333,0.9333,0.0219,2.0063,3,SI fixed acidity=Alto Y sulphates=Bajo Y total sulfur dioxide=Alto ENTONCES calidad_categoria=Baja,SI fixed acidity ES alto Y sulphates ES bajo Y total sulfur dioxide ES alto ENTONCES calidad ES baja,1.0,True
19,Apriori,"{'fixed acidity': 'Alto', 'free sulfur dioxide': 'Alto', 'sulphates': 'Bajo'}",Baja,0.9286,0.9286,0.0203,1.996,3,SI fixed acidity=Alto Y free sulfur dioxide=Alto Y sulphates=Bajo ENTONCES calidad_categoria=Baja,SI fixed acidity ES alto Y free sulfur dioxide ES alto Y sulphates ES bajo ENTONCES calidad ES baja,1.0,True
20,Apriori,"{'alcohol': 'Bajo', 'density': 'Bajo', 'residual sugar': 'Bajo'}",Baja,0.9268,0.9268,0.0297,1.9923,3,SI alcohol=Bajo Y density=Bajo Y residual sugar=Bajo ENTONCES calidad_categoria=Baja,SI alcohol ES bajo Y density ES bajo Y residual sugar ES bajo ENTONCES calidad ES baja,1.0,True
21,Apriori,"{'alcohol': 'Bajo', 'sulphates': 'Bajo', 'total sulfur dioxide': 'Bajo'}",Baja,0.9231,0.9231,0.0375,1.9842,3,SI alcohol=Bajo Y sulphates=Bajo Y total sulfur dioxide=Bajo ENTONCES calidad_categoria=Baja,SI alcohol ES bajo Y sulphates ES bajo Y total sulfur dioxide ES bajo ENTONCES calidad ES baja,1.0,True
22,Apriori,"{'density': 'Bajo', 'sulphates': 'Medio', 'total sulfur dioxide': 'Medio'}",Media,0.775,0.775,0.0242,1.9436,3,SI density=Bajo Y sulphates=Medio Y total sulfur dioxide=Medio ENTONCES calidad_categoria=Media,SI density ES bajo Y sulphates ES medio Y total sulfur dioxide ES medio ENTONCES calidad ES media,1.0,True
23,Apriori,"{'chlorides': 'Medio', 'density': 'Bajo', 'residual sugar': 'Medio'}",Media,0.7647,0.7647,0.0203,1.9178,3,SI chlorides=Medio Y density=Bajo Y residual sugar=Medio ENTONCES calidad_categoria=Media,SI chlorides ES medio Y density ES bajo Y residual sugar ES medio ENTONCES calidad ES media,1.0,True
24,Apriori,"{'alcohol': 'Alto', 'free sulfur dioxide': 'Medio', 'sulphates': 'Medio'}",Media,0.7451,0.7451,0.0297,1.8686,3,SI alcohol=Alto Y free sulfur dioxide=Medio Y sulphates=Medio ENTONCES calidad_categoria=Media,SI alcohol ES alto Y free sulfur dioxide ES medio Y sulphates ES medio ENTONCES calidad ES media,1.0,True
25,Apriori,"{'alcohol': 'Alto', 'fixed acidity': 'Medio', 'free sulfur dioxide': 'Alto'}",Media,0.7436,0.7436,0.0227,1.8648,3,SI alcohol=Alto Y fixed acidity=Medio Y free sulfur dioxide=Alto ENTONCES calidad_categoria=Media,SI alcohol ES alto Y fixed acidity ES medio Y free sulfur dioxide ES alto ENTONCES calidad ES media,1.0,True
26,Apriori,"{'alcohol': 'Alto', 'sulphates': 'Medio', 'total sulfur dioxide': 'Medio'}",Media,0.7368,0.7368,0.0219,1.8479,3,SI alcohol=Alto Y sulphates=Medio Y total sulfur dioxide=Medio ENTONCES calidad_categoria=Media,SI alcohol ES alto Y sulphates ES medio Y total sulfur dioxide ES medio ENTONCES calidad ES media,1.0,True
